{
    "version": 8,
    "name": "Rumrunner's Haven Map",
    "metadata": {
        "mapbox:autocomposite": true,
        "mapbox:type": "template",
        "mapbox:sdk-support": {
            "js": "0.54.0",
            "android": "7.4.0",
            "ios": "4.11.0"
        },
        "mapbox:groups": {},
        "mapbox:uiParadigm": "layers"
    },
    "center": [178.4329450113329, -18.138737697299774],
    "zoom": 14.853796864868858,
    "bearing": 0,
    "pitch": 0,
    "fog": {"color": "#ffffff"},
    "sources": {
        "composite": {
            "url": "mapbox://mapbox.2bsall8g,mapbox.mapbox-streets-v8,mapbox.92olaqdt,mapbox.443y3dl2,curtispene.6r4895uf",
            "type": "vector"
        }
    },
    "sprite": "mapbox://sprites/curtispene/cljyonfxg001g01r58esm3a0i/bibhcwxqclqwegx5z06q7gyji",
    "glyphs": "mapbox://fonts/curtispene/{fontstack}/{range}.pbf",
    "layers": [
        {
            "id": "background",
            "type": "background",
            "paint": {"background-color": "#f9e9cd"}
        },
        {
            "id": "water",
            "type": "fill",
            "source": "composite",
            "source-layer": "water",
            "layout": {},
            "paint": {"fill-color": "#66c2a5"}
        },
        {
            "id": "water-pattern",
            "type": "fill",
            "source": "composite",
            "source-layer": "water",
            "layout": {},
            "paint": {
                "fill-color": "hsla(167, 79%, 87%, 0)",
                "fill-opacity": 0.5,
                "fill-pattern": "water64"
            }
        },
        {
            "id": "current-lines",
            "type": "line",
            "source": "composite",
            "source-layer": "current-lines-44mc2e",
            "layout": {},
            "paint": {"line-color": "#3288bd"}
        },
        {
            "id": "urban-areas",
            "type": "fill",
            "source": "composite",
            "source-layer": "ne_10m_urban_areas-137xq2",
            "layout": {},
            "paint": {
                "fill-pattern": "water64-light",
                "fill-opacity": ["step", ["zoom"], 0.85, 10, 0]
            }
        },
        {
            "id": "landuse",
            "type": "fill",
            "source": "composite",
            "source-layer": "landuse",
            "filter": [
                "match",
                ["get", "class"],
                ["airport", "hospital", "park", "pitch", "school"],
                true,
                false
            ],
            "layout": {},
            "paint": {
                "fill-color": [
                    "match",
                    ["get", "class"],
                    ["airport"],
                    "hsla(203, 58%, 47%, 0.1)",
                    ["park", "pitch"],
                    "#a9dda2",
                    "hsla(0, 0%, 0%, 0)"
                ]
            }
        },
        {
            "id": "ferry",
            "type": "line",
            "source": "composite",
            "source-layer": "road",
            "filter": ["match", ["get", "class"], ["ferry"], true, false],
            "layout": {},
            "paint": {"line-color": "hsl(0, 0%, 92%)", "line-dasharray": [6, 4]}
        },
        {
            "id": "tunnel",
            "type": "line",
            "source": "composite",
            "source-layer": "road",
            "filter": [
                "all",
                ["==", ["geometry-type"], "LineString"],
                ["!=", ["get", "type"], "service:parking_aisle"],
                ["==", ["get", "structure"], "tunnel"],
                [
                    "match",
                    ["get", "class"],
                    [
                        "motorway",
                        "motorway_link",
                        "trunk",
                        "trunk_link",
                        "primary",
                        "primary_link",
                        "secondary",
                        "secondary_link",
                        "tertiary",
                        "tertiary_link",
                        "street",
                        "street_limited",
                        "service",
                        "track"
                    ],
                    true,
                    false
                ]
            ],
            "layout": {},
            "paint": {
                "line-color": "#d53f50",
                "line-width": [
                    "interpolate",
                    ["exponential", 1.5],
                    ["zoom"],
                    5,
                    [
                        "match",
                        ["get", "class"],
                        ["motorway", "trunk", "primary"],
                        0.5,
                        "tertiary",
                        0.01,
                        0
                    ],
                    12,
                    [
                        "match",
                        ["get", "class"],
                        ["motorway", "trunk", "primary"],
                        3,
                        ["secondary", "tertiary"],
                        2,
                        [
                            "motorway_link",
                            "trunk_link",
                            "street",
                            "street_limited"
                        ],
                        0.5,
                        0
                    ],
                    18,
                    [
                        "match",
                        ["get", "class"],
                        ["motorway", "trunk", "primary"],
                        30,
                        ["secondary", "tertiary"],
                        24,
                        [
                            "motorway_link",
                            "trunk_link",
                            "street",
                            "street_limited"
                        ],
                        12,
                        10
                    ]
                ],
                "line-dasharray": [0.2, 0.2]
            }
        },
        {
            "id": "pedestrian-path",
            "type": "line",
            "source": "composite",
            "source-layer": "road",
            "filter": [
                "all",
                ["==", ["geometry-type"], "LineString"],
                ["!=", ["get", "type"], "platform"],
                ["match", ["get", "class"], ["path", "pedestrian"], true, false]
            ],
            "layout": {"line-cap": "round", "line-join": "round"},
            "paint": {
                "line-color": "#d53f50",
                "line-width": [
                    "interpolate",
                    ["exponential", 1.5],
                    ["zoom"],
                    14,
                    ["match", ["get", "class"], "pedestrian", 1, 0.75],
                    20,
                    ["match", ["get", "class"], "pedestrian", 8, 5]
                ],
                "line-dasharray": [0.2, 0.2]
            }
        },
        {
            "id": "road",
            "type": "line",
            "source": "composite",
            "source-layer": "road",
            "filter": [
                "all",
                ["==", ["geometry-type"], "LineString"],
                ["!=", ["get", "type"], "service:parking_aisle"],
                [
                    "match",
                    ["get", "structure"],
                    ["bridge", "tunnel"],
                    false,
                    true
                ],
                [
                    "match",
                    ["get", "class"],
                    [
                        "motorway",
                        "motorway_link",
                        "trunk",
                        "trunk_link",
                        "primary",
                        "primary_link",
                        "secondary",
                        "secondary_link",
                        "tertiary",
                        "tertiary_link",
                        "street",
                        "street_limited",
                        "service",
                        "track"
                    ],
                    true,
                    false
                ]
            ],
            "layout": {"line-join": "round", "line-cap": "round"},
            "paint": {
                "line-color": "hsl(353, 0%, 40%)",
                "line-width": [
                    "interpolate",
                    ["exponential", 1.5],
                    ["zoom"],
                    5,
                    [
                        "match",
                        ["get", "class"],
                        ["motorway", "trunk", "primary"],
                        0.5,
                        "tertiary",
                        0.01,
                        0
                    ],
                    12,
                    [
                        "match",
                        ["get", "class"],
                        ["motorway", "trunk", "primary"],
                        3,
                        ["secondary", "tertiary"],
                        2,
                        [
                            "motorway_link",
                            "trunk_link",
                            "street",
                            "street_limited"
                        ],
                        0.5,
                        0
                    ],
                    18,
                    [
                        "match",
                        ["get", "class"],
                        ["motorway", "trunk", "primary"],
                        30,
                        ["secondary", "tertiary"],
                        24,
                        [
                            "motorway_link",
                            "trunk_link",
                            "street",
                            "street_limited"
                        ],
                        12,
                        10
                    ]
                ]
            }
        },
        {
            "id": "bridge-case",
            "type": "line",
            "source": "composite",
            "source-layer": "road",
            "filter": [
                "all",
                ["==", ["geometry-type"], "LineString"],
                ["!=", ["get", "type"], "service:parking_aisle"],
                ["==", ["get", "structure"], "bridge"],
                [
                    "match",
                    ["get", "class"],
                    [
                        "motorway",
                        "motorway_link",
                        "trunk",
                        "trunk_link",
                        "primary",
                        "primary_link",
                        "secondary",
                        "secondary_link",
                        "tertiary",
                        "tertiary_link",
                        "service",
                        "street",
                        "street_limited",
                        "track"
                    ],
                    true,
                    false
                ]
            ],
            "layout": {"line-join": "round"},
            "paint": {
                "line-color": "#f9e9cd",
                "line-width": [
                    "interpolate",
                    ["exponential", 1.5],
                    ["zoom"],
                    10,
                    1.5,
                    16,
                    3.5
                ],
                "line-gap-width": [
                    "interpolate",
                    ["exponential", 1.5],
                    ["zoom"],
                    5,
                    [
                        "match",
                        ["get", "class"],
                        ["motorway", "trunk", "primary"],
                        0.5,
                        "tertiary",
                        0.01,
                        0
                    ],
                    12,
                    [
                        "match",
                        ["get", "class"],
                        ["motorway", "trunk", "primary"],
                        3,
                        ["secondary", "tertiary"],
                        2,
                        [
                            "motorway_link",
                            "trunk_link",
                            "street",
                            "street_limited"
                        ],
                        0.5,
                        0
                    ],
                    18,
                    [
                        "match",
                        ["get", "class"],
                        ["motorway", "trunk", "primary"],
                        30,
                        ["secondary", "tertiary"],
                        24,
                        [
                            "motorway_link",
                            "trunk_link",
                            "street",
                            "street_limited"
                        ],
                        12,
                        10
                    ]
                ]
            }
        },
        {
            "id": "bridge-case-texture",
            "type": "line",
            "source": "composite",
            "source-layer": "road",
            "filter": [
                "all",
                ["==", ["geometry-type"], "LineString"],
                ["!=", ["get", "type"], "service:parking_aisle"],
                ["==", ["get", "structure"], "bridge"],
                [
                    "match",
                    ["get", "class"],
                    [
                        "motorway",
                        "motorway_link",
                        "trunk",
                        "trunk_link",
                        "primary",
                        "primary_link",
                        "secondary",
                        "secondary_link",
                        "tertiary",
                        "tertiary_link",
                        "service",
                        "street",
                        "street_limited",
                        "track"
                    ],
                    true,
                    false
                ]
            ],
            "layout": {"line-join": "round"},
            "paint": {
                "line-color": "#f9e9cd",
                "line-width": [
                    "interpolate",
                    ["exponential", 1.5],
                    ["zoom"],
                    10,
                    1.5,
                    16,
                    3.5
                ],
                "line-gap-width": [
                    "interpolate",
                    ["exponential", 1.5],
                    ["zoom"],
                    5,
                    [
                        "match",
                        ["get", "class"],
                        ["motorway", "trunk", "primary"],
                        0.5,
                        "tertiary",
                        0.01,
                        0
                    ],
                    12,
                    [
                        "match",
                        ["get", "class"],
                        ["motorway", "trunk", "primary"],
                        3,
                        ["secondary", "tertiary"],
                        2,
                        [
                            "motorway_link",
                            "trunk_link",
                            "street",
                            "street_limited"
                        ],
                        0.5,
                        0
                    ],
                    18,
                    [
                        "match",
                        ["get", "class"],
                        ["motorway", "trunk", "primary"],
                        30,
                        ["secondary", "tertiary"],
                        24,
                        [
                            "motorway_link",
                            "trunk_link",
                            "street",
                            "street_limited"
                        ],
                        12,
                        10
                    ]
                ],
                "line-pattern": "water64-light"
            }
        },
        {
            "id": "bridge",
            "type": "line",
            "source": "composite",
            "source-layer": "road",
            "filter": [
                "all",
                ["==", ["geometry-type"], "LineString"],
                ["!=", ["get", "type"], "service:parking_aisle"],
                ["==", ["get", "structure"], "bridge"],
                [
                    "match",
                    ["get", "class"],
                    [
                        "motorway",
                        "motorway_link",
                        "trunk",
                        "trunk_link",
                        "primary",
                        "primary_link",
                        "secondary",
                        "secondary_link",
                        "tertiary",
                        "tertiary_link",
                        "service",
                        "street",
                        "street_limited",
                        "track"
                    ],
                    true,
                    false
                ]
            ],
            "layout": {"line-join": "round"},
            "paint": {
                "line-color": "#d53f50",
                "line-width": [
                    "interpolate",
                    ["exponential", 1.5],
                    ["zoom"],
                    5,
                    [
                        "match",
                        ["get", "class"],
                        ["motorway", "trunk", "primary"],
                        0.5,
                        "tertiary",
                        0.01,
                        0
                    ],
                    12,
                    [
                        "match",
                        ["get", "class"],
                        ["motorway", "trunk", "primary"],
                        3,
                        ["secondary", "tertiary"],
                        2,
                        [
                            "motorway_link",
                            "trunk_link",
                            "street",
                            "street_limited"
                        ],
                        0.5,
                        0
                    ],
                    18,
                    [
                        "match",
                        ["get", "class"],
                        ["motorway", "trunk", "primary"],
                        30,
                        ["secondary", "tertiary"],
                        24,
                        [
                            "motorway_link",
                            "trunk_link",
                            "street",
                            "street_limited"
                        ],
                        12,
                        10
                    ]
                ]
            }
        },
        {
            "id": "building",
            "type": "line",
            "source": "composite",
            "source-layer": "building",
            "layout": {},
            "paint": {"line-color": "hsl(24, 57%, 27%)"}
        },
        {
            "id": "admin-state-province",
            "type": "line",
            "source": "composite",
            "source-layer": "admin",
            "filter": [
                "all",
                ["==", ["get", "admin_level"], 1],
                ["==", ["get", "disputed"], "false"],
                ["==", ["get", "maritime"], "false"],
                ["match", ["get", "worldview"], ["US", "all"], true, false]
            ],
            "layout": {"line-cap": "round", "line-join": "round"},
            "paint": {"line-dasharray": [3, 2], "line-color": "hsl(0, 2%, 58%)"}
        },
        {
            "id": "admin-country-boundary",
            "type": "line",
            "source": "composite",
            "source-layer": "admin",
            "filter": [
                "all",
                ["==", ["get", "admin_level"], 0],
                ["==", ["get", "disputed"], "false"],
                ["==", ["get", "maritime"], "false"],
                ["match", ["get", "worldview"], ["US", "all"], true, false]
            ],
            "paint": {"line-color": "#969292"}
        },
        {
            "id": "admin-country-boundary copy",
            "type": "line",
            "source": "composite",
            "source-layer": "admin",
            "filter": [
                "all",
                ["==", ["get", "admin_level"], 0],
                ["==", ["get", "disputed"], "true"],
                ["==", ["get", "maritime"], "false"],
                ["match", ["get", "worldview"], ["US", "all"], true, false]
            ],
            "layout": {},
            "paint": {
                "line-color": "#969292",
                "line-dasharray": [1.5, 1.5],
                "line-width": [
                    "interpolate",
                    ["linear"],
                    ["zoom"],
                    3,
                    0.5,
                    10,
                    2
                ]
            }
        },
        {
            "id": "circles-of-latitude",
            "type": "line",
            "source": "composite",
            "source-layer": "ne_110m_geographic_lines-cehoij",
            "filter": [
                "match",
                ["get", "name"],
                [
                    "Tropic of Capricorn",
                    "Tropic of Cancer",
                    "Equator",
                    "Arctic Circle",
                    "Antarctic Circle"
                ],
                true,
                false
            ],
            "layout": {},
            "paint": {
                "line-color": [
                    "match",
                    ["get", "name"],
                    ["Equator"],
                    "#d53f50",
                    ["Tropic of Capricorn", "Tropic of Cancer"],
                    "#5e4fa2",
                    ["Arctic Circle", "Antarctic Circle"],
                    "#3288bd",
                    "#000000"
                ],
                "line-opacity": 0.5,
                "line-dasharray": [10, 1]
            }
        },
        {
            "id": "road-label",
            "type": "symbol",
            "source": "composite",
            "source-layer": "road",
            "layout": {
                "text-field": ["coalesce", ["get", "name_en"], ["get", "name"]],
                "text-size": [
                    "interpolate",
                    ["linear"],
                    ["zoom"],
                    10,
                    [
                        "match",
                        ["get", "class"],
                        [
                            "motorway",
                            "trunk",
                            "primary",
                            "secondary",
                            "tertiary"
                        ],
                        10,
                        [
                            "motorway_link",
                            "trunk_link",
                            "primary_link",
                            "secondary_link",
                            "tertiary_link",
                            "pedestrian",
                            "street",
                            "street_limited"
                        ],
                        9,
                        6.5
                    ],
                    18,
                    [
                        "match",
                        ["get", "class"],
                        [
                            "motorway",
                            "trunk",
                            "primary",
                            "secondary",
                            "tertiary"
                        ],
                        16,
                        [
                            "motorway_link",
                            "trunk_link",
                            "primary_link",
                            "secondary_link",
                            "tertiary_link",
                            "pedestrian",
                            "street",
                            "street_limited"
                        ],
                        14,
                        13
                    ]
                ],
                "symbol-placement": "line",
                "text-font": [
                    "Homemade Apple Regular",
                    "Arial Unicode MS Regular"
                ],
                "text-anchor": "bottom"
            },
            "paint": {"text-halo-color": "#f9e9cd", "text-halo-width": 1.25}
        },
        {
            "id": "poi-label",
            "type": "symbol",
            "source": "composite",
            "source-layer": "poi_label",
            "filter": ["<=", ["get", "filterrank"], 3],
            "layout": {
                "text-field": ["coalesce", ["get", "name_en"], ["get", "name"]],
                "text-size": [
                    "interpolate",
                    ["linear"],
                    ["zoom"],
                    10,
                    12,
                    18,
                    14
                ],
                "text-font": ["Kalam Light", "Arial Unicode MS Regular"],
                "icon-image": ["concat", ["get", "maki"], "-11"],
                "text-anchor": "top"
            },
            "paint": {
                "text-halo-color": "#f9e9cd",
                "text-color": "hsl(203, 0%, 0%)",
                "text-translate": [0, 5],
                "text-halo-width": 1.5
            }
        },
        {
            "id": "circles-of-latitude-label",
            "type": "symbol",
            "source": "composite",
            "source-layer": "ne_110m_geographic_lines-cehoij",
            "filter": [
                "match",
                ["get", "name"],
                [
                    "Tropic of Capricorn",
                    "Tropic of Cancer",
                    "Equator",
                    "Arctic Circle",
                    "Antarctic Circle"
                ],
                true,
                false
            ],
            "layout": {
                "text-field": ["to-string", ["get", "name"]],
                "text-font": ["Kalam Regular", "Arial Unicode MS Regular"],
                "symbol-placement": "line-center"
            },
            "paint": {
                "text-halo-color": "#91cbb9",
                "text-halo-width": 1,
                "text-opacity": [
                    "interpolate",
                    ["linear"],
                    ["zoom"],
                    0.99,
                    0,
                    1,
                    1
                ]
            }
        },
        {
            "id": "natural-label-points",
            "type": "symbol",
            "source": "composite",
            "source-layer": "natural_label",
            "filter": ["match", ["geometry-type"], ["LineString"], false, true],
            "layout": {
                "text-field": ["to-string", ["get", "name_en"]],
                "icon-image": [
                    "match",
                    ["get", "class"],
                    ["ocean"],
                    "ship128",
                    ["sea"],
                    "ship-junk-100",
                    ""
                ],
                "text-font": [
                    "Homemade Apple Regular",
                    "Arial Unicode MS Regular"
                ],
                "text-size": [
                    "interpolate",
                    ["linear"],
                    ["zoom"],
                    7,
                    ["step", ["get", "sizerank"], 24, 6, 18, 12, 12],
                    10,
                    ["step", ["get", "sizerank"], 18, 9, 12],
                    18,
                    ["step", ["get", "sizerank"], 18, 9, 16]
                ]
            },
            "paint": {
                "icon-opacity": 0.35,
                "text-halo-color": "#f9e9cd",
                "text-halo-width": 1
            }
        },
        {
            "id": "natural-label-lines",
            "type": "symbol",
            "source": "composite",
            "source-layer": "natural_label",
            "filter": ["match", ["geometry-type"], ["LineString"], true, false],
            "layout": {
                "text-size": [
                    "interpolate",
                    ["linear"],
                    ["zoom"],
                    7,
                    ["step", ["get", "sizerank"], 24, 6, 18, 12, 12],
                    10,
                    ["step", ["get", "sizerank"], 18, 9, 12],
                    18,
                    ["step", ["get", "sizerank"], 18, 9, 16]
                ],
                "icon-image": [
                    "match",
                    ["get", "class"],
                    ["ocean"],
                    "ship128",
                    ["sea"],
                    "ship-junk-100",
                    ""
                ],
                "icon-rotation-alignment": "map",
                "icon-keep-upright": true,
                "text-font": [
                    "Homemade Apple Regular",
                    "Arial Unicode MS Regular"
                ],
                "symbol-placement": "line-center",
                "text-field": ["to-string", ["get", "name_en"]],
                "text-max-width": [
                    "interpolate",
                    ["linear"],
                    ["zoom"],
                    0,
                    5,
                    3,
                    6
                ]
            },
            "paint": {
                "icon-opacity": 0.35,
                "text-halo-color": "#f9e9cd",
                "text-halo-width": 1
            }
        },
        {
            "id": "neighborhood-suburb-label",
            "type": "symbol",
            "source": "composite",
            "source-layer": "place_label",
            "filter": [
                "all",
                ["<=", ["get", "filterrank"], 3],
                [
                    "match",
                    ["get", "type"],
                    ["suburb", "quarter", "neighbourhood"],
                    true,
                    false
                ]
            ],
            "layout": {
                "text-field": ["coalesce", ["get", "name_en"], ["get", "name"]],
                "text-pitch-alignment": "viewport",
                "text-font": ["Beth Ellen Regular", "Arial Unicode MS Regular"],
                "text-max-width": 7,
                "text-size": [
                    "interpolate",
                    ["linear"],
                    ["zoom"],
                    12,
                    12,
                    16,
                    18
                ],
                "text-anchor": "top",
                "text-offset": [0, 0.3]
            },
            "paint": {"text-halo-color": "#f9e9cd", "text-halo-width": 2}
        },
        {
            "id": "town-village-hamlet-label",
            "type": "symbol",
            "source": "composite",
            "source-layer": "place_label",
            "filter": [
                "all",
                [
                    "match",
                    ["get", "type"],
                    ["town", "village", "hamlet"],
                    true,
                    false
                ],
                ["<=", ["get", "filterrank"], 3]
            ],
            "layout": {
                "text-field": ["coalesce", ["get", "name_en"], ["get", "name"]],
                "text-pitch-alignment": "viewport",
                "text-font": [
                    "Homemade Apple Regular",
                    "Arial Unicode MS Regular"
                ],
                "text-size": [
                    "interpolate",
                    ["linear"],
                    ["zoom"],
                    5,
                    ["match", ["get", "type"], "town", 9.5, 8],
                    16,
                    ["match", ["get", "type"], "town", 20, 16]
                ],
                "text-max-width": 7,
                "text-anchor": "top",
                "text-offset": [0, 0.3]
            },
            "paint": {
                "text-halo-color": "#f9e9cd",
                "text-halo-width": 2,
                "text-color": [
                    "interpolate",
                    ["linear"],
                    ["zoom"],
                    0,
                    "#787878",
                    8,
                    "#787878",
                    11,
                    "hsl(0, 0%, 0%)"
                ]
            }
        },
        {
            "id": "city-label",
            "type": "symbol",
            "source": "composite",
            "source-layer": "place_label",
            "filter": [
                "all",
                ["<=", ["get", "filterrank"], 3],
                ["==", ["get", "type"], "city"]
            ],
            "layout": {
                "text-field": ["coalesce", ["get", "name_en"], ["get", "name"]],
                "text-pitch-alignment": "viewport",
                "text-font": ["Beth Ellen Regular", "Arial Unicode MS Regular"],
                "text-size": [
                    "interpolate",
                    ["linear"],
                    ["zoom"],
                    3,
                    ["step", ["get", "symbolrank"], 12, 9, 11, 12, 10, 14, 6.5],
                    14,
                    ["step", ["get", "symbolrank"], 27, 9, 23, 10, 21, 12, 20]
                ],
                "icon-image": "marker-stroked-15",
                "text-anchor": "top",
                "text-offset": [0, 0.3]
            },
            "paint": {"text-halo-color": "#f9e9cd", "text-halo-width": 2}
        },
        {
            "id": "state-label",
            "type": "symbol",
            "source": "composite",
            "source-layer": "place_label",
            "filter": ["match", ["get", "type"], ["state"], true, false],
            "layout": {
                "text-field": [
                    "step",
                    ["zoom"],
                    ["get", "abbr"],
                    5,
                    ["coalesce", ["get", "name_en"], ["get", "name"]]
                ],
                "text-pitch-alignment": "viewport",
                "text-font": ["Beth Ellen Regular", "Arial Unicode MS Regular"],
                "text-size": [
                    "interpolate",
                    ["linear"],
                    ["zoom"],
                    4,
                    9.5,
                    9,
                    36
                ]
            },
            "paint": {
                "text-halo-color": "#f9e9cd",
                "text-halo-width": 2,
                "text-opacity": [
                    "interpolate",
                    ["linear"],
                    ["zoom"],
                    2.99,
                    0,
                    3,
                    1
                ]
            }
        },
        {
            "id": "country-label",
            "type": "symbol",
            "source": "composite",
            "source-layer": "place_label",
            "filter": ["match", ["get", "type"], ["country"], true, false],
            "layout": {
                "text-field": ["coalesce", ["get", "name_en"], ["get", "name"]],
                "text-size": [
                    "interpolate",
                    ["linear"],
                    ["zoom"],
                    1,
                    ["step", ["get", "symbolrank"], 12, 3, 10, 5, 9],
                    9,
                    ["step", ["get", "symbolrank"], 45, 3, 37, 5, 32]
                ],
                "text-font": ["Beth Ellen Regular", "Arial Unicode MS Regular"],
                "text-pitch-alignment": "viewport"
            },
            "paint": {"text-halo-color": "#f9e9cd", "text-halo-width": 2}
        },
        {
            "id": "locations-cqbydw",
            "type": "symbol",
            "source": "composite",
            "source-layer": "locations-cqbydw",
            "layout": {
                "text-field": [
                    "step",
                    ["zoom"],
                    ["to-string", ["get", "name"]],
                    10,
                    ["to-string", ["get", "name"]]
                ],
                "icon-offset": [0, 25],
                "text-font": ["Beth Ellen Regular", "Arial Unicode MS Regular"],
                "text-size": 18,
                "text-offset": [0, -1],
                "symbol-placement": ["step", ["zoom"], "point", 22, "point"]
            },
            "paint": {
                "text-color": "hsl(187, 98%, 9%)",
                "text-halo-width": 2,
                "text-halo-color": "hsl(38, 81%, 53%)"
            }
        }
    ],
    "created": "2023-07-11T19:26:04.900Z",
    "modified": "2023-07-14T00:29:03.808Z",
    "id": "cljyonfxg001g01r58esm3a0i",
    "owner": "curtispene",
    "visibility": "public",
    "protected": false,
    "draft": false
}